path,id
_next/static/chunks/cb355538-4e5828ea6b8bfdf6.js,s4gJAcpdOWj1OmKoR9UWuernE8DHAtWQkvAJ5miGBY4
_next/static/chunks/webpack-2d6c20b89449f43d.js,mPaOIDn1rORU97fKyO2afrieP0gX6PFmDc2SMtxxbPg
_next/static/chunks/pages/_error-7a92967bea80186d.js,_4r0F5gtUyDU2OpMpAzbVCBxE6KdBCQNej9RYBEFC9s
_next/static/css/4cdb470e14918eb3.css,-zs7VHLozbGF7zCtnMoYVToyM7OmHNA_f8IaD9jcELc
_next/static/chunks/pages/blog/[slug]-c4445e3b88f10f0b.js,_iCoIhiMxaSJWsDlgMaJ_CynXdzxiD_rzkf4XBapwGc
_next/static/chunks/pages/resources-c814efce31ad2967.js,4htUpkqilmqAw1AloO5mA6ILNEXzOSXjvkDhD8vbIx8
_next/static/chunks/pages/index-c23f1d196d4269ae.js,_24bgyEcsKYkSSv_psEQC-B1W7s_AHhZIZO_LL_lqb4
_next/static/chunks/490-fd508241edd69764.js,nMUWQYmeKE2vFFqGNhyIoS6B1R4PLTWjdDZ-LyKtVx4
_next/static/chunks/pages/blog-33e9a7bbc0c733e3.js,Dbzu14z8zuctTdoFN1qQc0x3ojhlAlmNpwtdlEBfEe8
_next/static/chunks/608-ed72f87cfccdb547.js,JUlk3fpumIvDDAZihaIrWm6A7YrK1p4HzY2-p6R_gaQ
_next/static/fc33g_XjCpiS2CMYXjMUC/_ssgManifest.js,W9VSeV1ucmc-eM6VHIWdRxWWVqib7IGJ_F0My38ycdo
_next/static/chunks/polyfills-42372ed130431b0a.js,iePgcyQdSbD7WBaFQ7Y5xYFYEFzyII2qfy6wtKaWsG8
_next/static/chunks/main-9d662ea3b3f4a666.js,bjRneDmSc3BL_1D_jXvdVxIoBFBrYe_h2dMY74rlyFk
_next/static/chunks/framework-64ad27b21261a9ce.js,C0QlJ0b3MHL5pGpbVurapf-hwHhb_58hRt2QyMmeI4c
_next/static/fc33g_XjCpiS2CMYXjMUC/_buildManifest.js,OW8XqXFapYhXLLNgBrDd4iBCpRAKYpR1xOxeNe_2CTY
_next/static/chunks/pages/_app-7b01dca4118b908e.js,2cRbBVI3qlcLCRZGZeesXAuDcWJrraDhcA3czHrVC8Q
_next/data/fc33g_XjCpiS2CMYXjMUC/blog/introduction-to-daos.json,PmwgjAssjQw2QahhmmKHfnkOgmbl4BzpyD8CFFXhfZs
_next/data/fc33g_XjCpiS2CMYXjMUC/blog/dao-treasury-management-best-practices.json,Q39tQU7DctZ-ufMU-veuYjYtXlLR1hhGe3E9d-a0Ctw
_next/data/fc33g_XjCpiS2CMYXjMUC/blog/the-future-of-dao-governance.json,n-6o4JT4Ildy0xCpOzqS3SIu0uNw3cmy7zkD7Z6Tcuk
branding/rotatinglogos/GIF-1(Black)-DAO-Watch-logo-version-1-(cryptosi).webp,iEDHQoYI_IH-fWokQVHYL4pa6VnAeIqkzVJNw0NAhlQ
branding/rotatinglogos/DAO WATCH.mov,w6jqoNd5ZIfnk02GpBuGFT6zx1BU09qSwds7Eg9dO9U
branding/rotatinglogos/GIF-1(Black)-DAO-Watch-logo-version-1-(cryptosi).gif,I_4S_4JasIhEnImnGEYYzu3umQMjvBmvrr0k4IySzD4
branding/rotatinglogos/gif-2(White)-DAO-Watch-logo-version-2-(cryptosi).gif,_hWSeXaIw46dyQkDel2UbNqqa34rmeEFbS_xa9xPitU
branding/rotatinglogos/gif-2(TRANSPARENT)-DAO-Watch-logo-version-2(cryptosi).gif,OVLHoqNHZHliRrYMfHwv5TR-D2JWM0ddE9ohkyex-Ik
branding/rotatinglogos/DAO WATCH (1).gif,mf_aX5udqKIQLAhziaudpFXC29BKvb0H_ht7dnguAzo
branding/rotatinglogos/GIF-1(TRANSPARENT)-DAO-Watch-logo-version-1-(cryptosi).gif,CWj4GwxcUM_chBlrrQT1P1c5LW-9oGrM-DlBlqM-kYQ
branding/DAO Watch Brand Book A-compressed.pdf,8HVdZetTsNEM75r-l4gE8JjcVpUXFcqr09jMCWwZZWY
branding/.DS_Store,0cZQ2B5o019g0Oid7JTKhcmwqEKLB6OBKyMBLhvjL_4
branding/DAO Watch-A Text-Badge Mockup.jpg,ugl8jQ9rlUdwVNyMssAfTsXYSS7pf9hWsd6zM9g6cY0
branding/DAO Watch-C Text-Badge Mockup.jpg,pPBvFDHxMzKRvx5ohhil-0jv8wGJ6wYhfSxiX4rF0hA
branding/brandguide.md,giGfZEkQmwJL1Xu6eMc4arQykW0wofvohIvYgFGAYo0
branding/DAO-Watch-D-scaled.jpg,lI0MSuPRSyr-XuOzkabFIZ8bArltKKeBlDKZf7uSjQU
branding/rotatinglogos/gif-2(Black)-DAO-Watch-logo-version-2-(cryptosi).gif,zXqBLdReWIxRDZDcgEvRRPWzUFJAT682hlBN-X9UjUM
branding/DAO Watch-B.png,bEoLf_esB3cjRdpenpYxOIMAkgtCHzH3U2FqE01GuGM
branding/DAO Watch-B.jpg,s2HFlnBCNWupcH4-kBjZ7m_mEpoYEUo9cBAjU6nTR88
branding/DAO Watch-C.jpg,ATJaUOES2PN6MwWWfW4ap5ADDE3nVzXCiBEwXPqh32Q
branding/rotatinglogos/GIF-1(White)-DAO-Watch-logo-version-1-(cryptosi).gif,C8_IVLUVL0L_ANMe4KyI6kuJaHYZpVlGpVRElhf-t90
branding/DAO Watch-C.png,oYLcHzcutAtbJ6DrRs1yFLmOk51EzyUkw7sfEMOQymw
branding/DAO Watch-A.png,qduOGyo5DG5dIo5Hk1YtLCk_UaqKuneQXUuaBQy-Ugk
branding/DAO Watch.ai,lCMLn44_IKao7WFvfVjodRrC6EsdBsFTCOuoaGhhnqA
branding/DAO Watch-A.jpg,-qMJVUdDIp78Lpiu6CZLymkLgi0Uw7WhD9Z9rwv8Jgo
branding/SRC/DAO Watch.ps,WlhA_g1z88RjK9AisalRRNZo8Vja7NtaiCWbpP1QCQM
blog.html,VYI_vzTps8Y80XT-X4asXJTuYAfAwQ6i98WOVca7plY
branding/SRC/DAO Watch.ai,Shy90_2zjvYHQdgYxzhvNo25ts8MH5rOZtayugtZJEQ
branding/DAO Watch-B Text-Badge Mockup.jpg,GGytcGlugjmsS2UVnljfWFZUuAc9booXI6Ls8_0QuAU
.DS_Store,mvzec4c_Ck4MAV2mW8sj5cfC37BnZt3Avk-r1W24G-0
index.html,4B7iikJqi5FKNVLqerQS1Ez9Kecy7NDUlIloyTY95lg
favicon.ico,26tylDZXyT8pUCXp1uYiP4TbvflEBbzC1dhcuslbfME
images/video-placeholder.svg,0ZunA5gPwEeDJO2QXDmiAiw0qNryi6EK4zv5AktyQGE
images/video-placeholder.jpg,erk7bkZepgE94d5wrz7c6-diHWFD-9OyLQ3hquitdhg
images/placeholder.jpg,8l35UK6-3lx-mFoI3t6AOX3_GM-eWWXBOmNb2Eewa2w
images/logo.png,Ia0l7xIUnF_JfbUZbH-Z5XKaV0J6Xy3yeg8BLJcvf88
images/fallback.html,R0xCs4AO31XIZLRriKlUv5QfKqHwPL7PsVa-TJ-hkk8
images/fallback.svg,7XWRGAbauYyPXhwod990VWgbrbXDZAcaUcOkom0NTxQ
404.html,AfYWm45_jET4lW4PoQ_uIQ_8JZs29BzB3aG-HsYug10
images/book-cover.jpg,7i3rNDoKoQNkY2WttCL-pSOeUjezwij2BmfcmI32zyI
blog/the-future-of-dao-governance.html,BNyFFdaK3ivwR4Onr6UcuPXxWiU_hBNGTqHe_BHOhBc
blog/dao-treasury-management-best-practices.html,eftUpWC5_Asjx84s5atETt6azaB4uNXtAqMxZr9167o
blog/introduction-to-daos.html,zhYlyIx6p8vGNJixj01KrDR9IVXpLfm4LnVD93QVrig
resources.html,mej_UtBHmbMRrwiahxn_q_AkhcPIQPMAZlZ5XROtOGY
images/book.png,NLkUSOM4GmmkWBYrott5EZ2IFDpbRCwk4_c20lH64v4
fonts/centurygothic.ttf,7gmMTdNwNKbBnYal0UNOjXeEOCqzOqwLJKZMk8GvCP8
fonts/DAGGERSQUARE.svg,aBqGty9ByGj8vH6DEQrxW4BI3RLT8Z202jYHQVENz6Y
fonts/.DS_Store,I5r0jeAfDp154htVXV2Tv7ZMWrfGYLEA5IXSLKIhMvY
fonts/centurygothic.woff,L4QXBBF2GrTijwUVt8hpWGPJ8N3cF5HT6QIai4XUSh8
fonts/centurygothicbold.woff2,XcQyoYD6Lh6f5sl16AMx1b6fj8cFKKVrB1fZl3tlUnk
fonts/centurygothicbold.svg,H3I44p1eKP-g_cXXDyRirosV_2Dn2vMckBOjYQdbb8Q
fonts/DAGGERSQUARE.woff,xZCoya_cfWlCArsFTU07VzFqdMhizmQ5IBqX2Z8FY-c
fonts/centurygothic.eot,KfUVQbqT7Z6IKLFdiLcCkogPYzY52JN8MiMKi6qWDa8
fonts/centurygothicbold.woff,wzWenXtbPDimRs4ldg_mA1PAs4GLS4Tfx5SnpAO0V1A
fonts/DAGGERSQUARE.woff2,nTPoO_Uc9Emvrvj-_ZcvtVvHOnPbK-elSJArLgakmaQ
fonts/README.md,yw53UO7cpt2Yqa0KpXtIh6K6VbrTFiSVUyyStNWSJ-g
fonts/centurygothicbold.ttf,PZ__f-p-4m3fQHnfGLKT1i4yQo_sPkVi6vS5qVY5HqM
fonts/centurygothic.svg,X6IFy7RD_57fxe9o7rQr2TxKbBafztoVYCE3EllQr54
fonts/DAGGERSQUARE.otf,6F8-RoVZnHTG5xzzSWv27kxkDoXfUUnxeu-UcCkZj5c
fonts/centurygothic.woff2,DME4dZET1XvA8sD25gt7YB-vT8I2chP3NFnSh3gSrB4
branding/ID 95.mp4,w5YecRSNiYFfiRPTWItFMI1A8rpeRV6T0-2AHAFGfKs
fonts/centurygothicbold.eot,lt5BpIcJKMtYjbGu-B5enB0PhadEg-TPWX7nIx5VuAU
fonts/DAGGERSQUARE.eot,m8zQ3n5IOSy2DryU_iCFa8uCwunUW7ruiKIxBzmGJas
_next/static/chunks/webpack-47c36d19c7f59c45.js,dbitY4xi5sC_mf5dABm0ZMx5-_a1GG_24DdJGiuOcCA
_next/static/DkoOjdqtwGR-UnH8mTQBI/_ssgManifest.js,dCi0hWtIGABwcWFVw_UnwkR3ppC0PFXRulsqyM6EIuk
_next/static/DkoOjdqtwGR-UnH8mTQBI/_buildManifest.js,hlGWZVbwTgf413TpPnKu9sUcKcBD4x9avrX09LVlv-s
_next/data/DkoOjdqtwGR-UnH8mTQBI/blog/introduction-to-daos.json,NIhSkFoRTt7e-eC7M2OFi2Oy9RJmLtca3xjyNx9Otxg
_next/static/chunks/main-9316758304a0b819.js,3XEjgP_7S2yQ-T5G07Iqvfo0Mks4eulhfinx1U3Wb60
_next/data/DkoOjdqtwGR-UnH8mTQBI/blog/dao-treasury-management-best-practices.json,e1_tI7F2q0gzrnZLb-cb6BaiftN9fdu3Vv93Gl3ip0k
_next/data/DkoOjdqtwGR-UnH8mTQBI/blog/the-future-of-dao-governance.json,tJWo9P7UuHu4K5Bs75pctV2lGVhoVaUimWehpZEpIGY
blog/dao-treasury-management-best-practices/index.html,1BwIs0yFFiCs6f30qEaND3BB542YOFndOdlP91VpPOs
resources/index.html,sOUwiw1Wt1r3pO_VgYqhZyXUSTqfOjY2lqHLwl2dcdU
blog/index.html,W9aVRY5NJ_h-KX_EfxVAqdfTKl3922WmjwNUEdSx6g4
blog/the-future-of-dao-governance/index.html,64n5haT-mmzpVNglQzX2_-t_8Yv221et-FDtwtBmE0c
blog/introduction-to-daos/index.html,m5GEKsZakK0WRRwXwmQ7j3CSbzjjuZmgz9zkO8sXvak
404/index.html,aaOIiyZxIvwOAY0EXYwi0_6RuqNaNCUrlohGG_dJ-Mg
